,iter,n_resources,mean_fit_time,std_fit_time,mean_score_time,std_score_time,param_C,param_max_iter,param_tol,params,split0_test_score,split1_test_score,split2_test_score,split3_test_score,split4_test_score,mean_test_score,std_test_score,rank_test_score,split0_train_score,split1_train_score,split2_train_score,split3_train_score,split4_train_score,mean_train_score,std_train_score
0,0,30088,1.1120360851287843,0.05154670171060723,0.007563495635986328,0.0012178333232864941,0.001,1000,0.0001,"{'C': 0.001, 'max_iter': 1000, 'tol': 0.0001}",0.9151122953939855,0.8565217391304348,0.9214421252371916,0.9622572370831807,0.9174242424242425,0.914551527853807,0.033761926348755564,58,0.9325968919677963,0.9352144050491925,0.9243005520726116,0.9198534247862444,0.925707771233137,0.9275346090217964,0.005610758015899574
1,0,30088,0.8279816627502441,0.0275408802911813,0.009175586700439452,0.001934446083211428,0.001,1000,0.001,"{'C': 0.001, 'max_iter': 1000, 'tol': 0.001}",0.9129943502824859,0.8372260150916278,0.9154982948086396,0.9550478997789241,0.9056891943489882,0.9052911508621332,0.03813733152095927,93,0.9192210938227895,0.933530827624514,0.9157796451914099,0.909771621115687,0.9179550412596035,0.9192516458028008,0.007842229358750657
2,0,30088,0.5064423561096192,0.030016136397366788,0.006182670593261719,0.0009775263971864157,0.001,1000,0.01,"{'C': 0.001, 'max_iter': 1000, 'tol': 0.01}",0.8922847558702944,0.7963031423290203,0.8769592476489029,0.9540947484392215,0.9030023094688222,0.8845288407512522,0.05115058431742424,96,0.8911986268713645,0.9203671085565959,0.8954828954828955,0.883725323509965,0.9090561711883837,0.899966025121841,0.013111529835308703
3,0,30088,0.43742785453796384,0.018961627352889747,0.0063822269439697266,0.0014937894862680743,0.001,1000,0.1,"{'C': 0.001, 'max_iter': 1000, 'tol': 0.1}",0.6199915647406158,0.7338075627105953,0.6669576604103011,0.8929778445362373,0.8498168498168498,0.75271029644292,0.10433576321668533,117,0.5924761370016844,0.8908728274290056,0.7997639653815893,0.7919211822660098,0.8607076713129934,0.7871483566782566,0.10416232059905875
4,0,30088,0.38536710739135743,0.013770985298022235,0.006382656097412109,0.0011966788810278228,0.001,1000,1.0,"{'C': 0.001, 'max_iter': 1000, 'tol': 1}",0.0,0.0,0.0,0.0,0.0,0.0,0.0,138,0.0,0.0,0.0,0.0,0.0,0.0,0.0
5,0,30088,0.8072377681732178,0.14719480611476055,0.0074062347412109375,0.0008187279981713344,0.001,2000,0.0001,"{'C': 0.001, 'max_iter': 2000, 'tol': 0.0001}",0.9151122953939855,0.8565217391304348,0.9214421252371916,0.9622572370831807,0.9174242424242425,0.914551527853807,0.033761926348755564,58,0.9325968919677963,0.9352144050491925,0.9243005520726116,0.9198534247862444,0.925707771233137,0.9275346090217964,0.005610758015899574
6,0,30088,0.70650634765625,0.009743511410985062,0.0071967124938964845,0.0011747737729187965,0.001,2000,0.001,"{'C': 0.001, 'max_iter': 2000, 'tol': 0.001}",0.9129943502824859,0.8372260150916278,0.9154982948086396,0.9550478997789241,0.9056891943489882,0.9052911508621332,0.03813733152095927,93,0.9192210938227895,0.933530827624514,0.9157796451914099,0.909771621115687,0.9179550412596035,0.9192516458028008,0.007842229358750657
7,0,30088,0.5090344905853271,0.03420487022078386,0.006981706619262696,0.00126138896750748,0.001,2000,0.01,"{'C': 0.001, 'max_iter': 2000, 'tol': 0.01}",0.8922847558702944,0.7963031423290203,0.8769592476489029,0.9540947484392215,0.9030023094688222,0.8845288407512522,0.05115058431742424,96,0.8911986268713645,0.9203671085565959,0.8954828954828955,0.883725323509965,0.9090561711883837,0.899966025121841,0.013111529835308703
8,0,30088,0.4900857925415039,0.021710143718516813,0.006183767318725586,0.0009765714243577936,0.001,2000,0.1,"{'C': 0.001, 'max_iter': 2000, 'tol': 0.1}",0.6199915647406158,0.7338075627105953,0.6669576604103011,0.8929778445362373,0.8498168498168498,0.75271029644292,0.10433576321668533,117,0.5924761370016844,0.8908728274290056,0.7997639653815893,0.7919211822660098,0.8607076713129934,0.7871483566782566,0.10416232059905875
9,0,30088,0.37998208999633787,0.01427189300701352,0.005595636367797851,0.0011918333285981847,0.001,2000,1.0,"{'C': 0.001, 'max_iter': 2000, 'tol': 1}",0.0,0.0,0.0,0.0,0.0,0.0,0.0,138,0.0,0.0,0.0,0.0,0.0,0.0,0.0
10,0,30088,0.9372870922088623,0.08182781137020846,0.00658259391784668,0.0016201411617617891,0.001,5000,0.0001,"{'C': 0.001, 'max_iter': 5000, 'tol': 0.0001}",0.9151122953939855,0.8565217391304348,0.9214421252371916,0.9622572370831807,0.9174242424242425,0.914551527853807,0.033761926348755564,58,0.9325968919677963,0.9352144050491925,0.9243005520726116,0.9198534247862444,0.925707771233137,0.9275346090217964,0.005610758015899574
11,0,30088,0.6540633201599121,0.03230588568949803,0.006765031814575195,0.0014415767480508367,0.001,5000,0.001,"{'C': 0.001, 'max_iter': 5000, 'tol': 0.001}",0.9129943502824859,0.8372260150916278,0.9154982948086396,0.9550478997789241,0.9056891943489882,0.9052911508621332,0.03813733152095927,93,0.9192210938227895,0.933530827624514,0.9157796451914099,0.909771621115687,0.9179550412596035,0.9192516458028008,0.007842229358750657
12,0,30088,0.4725325584411621,0.030102106854645986,0.007978296279907227,7.776978697919888e-07,0.001,5000,0.01,"{'C': 0.001, 'max_iter': 5000, 'tol': 0.01}",0.8922847558702944,0.7963031423290203,0.8769592476489029,0.9540947484392215,0.9030023094688222,0.8845288407512522,0.05115058431742424,96,0.8911986268713645,0.9203671085565959,0.8954828954828955,0.883725323509965,0.9090561711883837,0.899966025121841,0.013111529835308703
13,0,30088,0.4946738719940186,0.017077186331471535,0.005983591079711914,0.00089228324437662,0.001,5000,0.1,"{'C': 0.001, 'max_iter': 5000, 'tol': 0.1}",0.6199915647406158,0.7338075627105953,0.6669576604103011,0.8929778445362373,0.8498168498168498,0.75271029644292,0.10433576321668533,117,0.5924761370016844,0.8908728274290056,0.7997639653815893,0.7919211822660098,0.8607076713129934,0.7871483566782566,0.10416232059905875
14,0,30088,0.41907639503479005,0.01168822459137053,0.005593395233154297,0.0016339240903143755,0.001,5000,1.0,"{'C': 0.001, 'max_iter': 5000, 'tol': 1}",0.0,0.0,0.0,0.0,0.0,0.0,0.0,138,0.0,0.0,0.0,0.0,0.0,0.0,0.0
15,0,30088,1.1000515460968017,0.09350045932331684,0.007793903350830078,0.0009644173749575204,0.01,1000,0.0001,"{'C': 0.01, 'max_iter': 1000, 'tol': 0.0001}",0.9156810377718428,0.892975358587716,0.9250095165588124,0.966374269005848,0.924933987174651,0.924994833819774,0.02376659489777355,31,0.9361183964031472,0.9402471889229626,0.931199101376018,0.9257518796992481,0.9299533022014677,0.9326539737205687,0.005034050530250982
16,0,30088,0.7364258766174316,0.02493431602887643,0.007580280303955078,0.0004885194474978898,0.01,1000,0.001,"{'C': 0.01, 'max_iter': 1000, 'tol': 0.001}",0.9124528301886793,0.8377602297200287,0.916256157635468,0.9546961325966851,0.906035141329259,0.9054400982940238,0.037876750520433856,81,0.9201081383425003,0.9332345587554404,0.9157098851862223,0.9098053892215568,0.9175199089874858,0.9192755760986412,0.007759217935819559
17,0,30088,0.5545729160308838,0.050573545116380236,0.008099794387817383,0.0002413989702859991,0.01,1000,0.01,"{'C': 0.01, 'max_iter': 1000, 'tol': 0.01}",0.8922847558702944,0.7963031423290203,0.8769592476489029,0.9540947484392215,0.9001926782273603,0.8839669145029598,0.05095962977209689,102,0.8911986268713645,0.9203671085565959,0.8954828954828955,0.883725323509965,0.9100458365164248,0.9001639581874492,0.013253958109621034
18,0,30088,0.47627968788146974,0.010293547496738654,0.006581687927246093,0.0010164760484082497,0.01,1000,0.1,"{'C': 0.01, 'max_iter': 1000, 'tol': 0.1}",0.6199915647406158,0.7338075627105953,0.6669576604103011,0.8929778445362373,0.8498168498168498,0.75271029644292,0.10433576321668533,117,0.5924761370016844,0.8908728274290056,0.7997639653815893,0.7919211822660098,0.8607076713129934,0.7871483566782566,0.10416232059905875
19,0,30088,0.3986676692962646,0.01970900404892752,0.005106401443481445,0.0008338549209211133,0.01,1000,1.0,"{'C': 0.01, 'max_iter': 1000, 'tol': 1}",0.0,0.0,0.0,0.0,0.0,0.0,0.0,138,0.0,0.0,0.0,0.0,0.0,0.0,0.0
20,0,30088,1.0571010112762451,0.1244621433369945,0.00760946273803711,0.0010313896751090713,0.01,2000,0.0001,"{'C': 0.01, 'max_iter': 2000, 'tol': 0.0001}",0.9156810377718428,0.892975358587716,0.9250095165588124,0.966374269005848,0.924933987174651,0.924994833819774,0.02376659489777355,31,0.9361183964031472,0.9402471889229626,0.931199101376018,0.9257518796992481,0.9299533022014677,0.9326539737205687,0.005034050530250982
21,0,30088,0.7452713966369628,0.021632003534964223,0.007803678512573242,0.0013653184600122914,0.01,2000,0.001,"{'C': 0.01, 'max_iter': 2000, 'tol': 0.001}",0.9124528301886793,0.8377602297200287,0.916256157635468,0.9546961325966851,0.906035141329259,0.9054400982940238,0.037876750520433856,81,0.9201081383425003,0.9332345587554404,0.9157098851862223,0.9098053892215568,0.9175199089874858,0.9192755760986412,0.007759217935819559
22,0,30088,0.4985527992248535,0.049037927184898335,0.006981277465820312,0.0014104023126774504,0.01,2000,0.01,"{'C': 0.01, 'max_iter': 2000, 'tol': 0.01}",0.8922847558702944,0.7963031423290203,0.8769592476489029,0.9540947484392215,0.9001926782273603,0.8839669145029598,0.05095962977209689,102,0.8911986268713645,0.9203671085565959,0.8954828954828955,0.883725323509965,0.9100458365164248,0.9001639581874492,0.013253958109621034
23,0,30088,0.5023719310760498,0.014952472993772673,0.005783510208129883,0.0003992083251503943,0.01,2000,0.1,"{'C': 0.01, 'max_iter': 2000, 'tol': 0.1}",0.6199915647406158,0.7338075627105953,0.6669576604103011,0.8929778445362373,0.8498168498168498,0.75271029644292,0.10433576321668533,117,0.5924761370016844,0.8908728274290056,0.7997639653815893,0.7919211822660098,0.8607076713129934,0.7871483566782566,0.10416232059905875
24,0,30088,0.40689749717712403,0.014601930809262366,0.0057849884033203125,0.00116360373531545,0.01,2000,1.0,"{'C': 0.01, 'max_iter': 2000, 'tol': 1}",0.0,0.0,0.0,0.0,0.0,0.0,0.0,138,0.0,0.0,0.0,0.0,0.0,0.0,0.0
25,0,30088,1.1162882328033448,0.14928999337992058,0.0061835765838623045,0.0009769509053458884,0.01,5000,0.0001,"{'C': 0.01, 'max_iter': 5000, 'tol': 0.0001}",0.9156810377718428,0.892975358587716,0.9250095165588124,0.966374269005848,0.924933987174651,0.924994833819774,0.02376659489777355,31,0.9361183964031472,0.9402471889229626,0.931199101376018,0.9257518796992481,0.9299533022014677,0.9326539737205687,0.005034050530250982
26,0,30088,0.7244715690612793,0.041402678749049744,0.006781816482543945,0.0018280017878452423,0.01,5000,0.001,"{'C': 0.01, 'max_iter': 5000, 'tol': 0.001}",0.9124528301886793,0.8377602297200287,0.916256157635468,0.9546961325966851,0.906035141329259,0.9054400982940238,0.037876750520433856,81,0.9201081383425003,0.9332345587554404,0.9157098851862223,0.9098053892215568,0.9175199089874858,0.9192755760986412,0.007759217935819559
27,0,30088,0.5134233951568603,0.03779022495057046,0.006183338165283203,0.0007461747902302485,0.01,5000,0.01,"{'C': 0.01, 'max_iter': 5000, 'tol': 0.01}",0.8922847558702944,0.7963031423290203,0.8769592476489029,0.9540947484392215,0.9001926782273603,0.8839669145029598,0.05095962977209689,102,0.8911986268713645,0.9203671085565959,0.8954828954828955,0.883725323509965,0.9100458365164248,0.9001639581874492,0.013253958109621034
28,0,30088,0.4827070713043213,0.025271422795526095,0.007180404663085937,0.0014644947216711447,0.01,5000,0.1,"{'C': 0.01, 'max_iter': 5000, 'tol': 0.1}",0.6199915647406158,0.7338075627105953,0.6669576604103011,0.8929778445362373,0.8498168498168498,0.75271029644292,0.10433576321668533,117,0.5924761370016844,0.8908728274290056,0.7997639653815893,0.7919211822660098,0.8607076713129934,0.7871483566782566,0.10416232059905875
29,0,30088,0.40650954246521,0.022261924260399427,0.0061836719512939455,0.0011631866219147234,0.01,5000,1.0,"{'C': 0.01, 'max_iter': 5000, 'tol': 1}",0.0,0.0,0.0,0.0,0.0,0.0,0.0,138,0.0,0.0,0.0,0.0,0.0,0.0,0.0
30,0,30088,1.0396138191223145,0.13198606607814026,0.006781435012817383,0.0014655707974608806,0.1,1000,0.0001,"{'C': 0.1, 'max_iter': 1000, 'tol': 0.0001}",0.9130601302183071,0.8546637744034707,0.9246001523229246,0.9664233576642336,0.928706148623161,0.9174907126464195,0.036159613147093414,49,0.9397183098591549,0.9352384486917795,0.9326347305389222,0.9260268822257731,0.9309983820310269,0.9329233506693313,0.004536104762371325
31,0,30088,0.7075088500976563,0.025851764652277214,0.0073661327362060545,0.0013364126139322027,0.1,1000,0.001,"{'C': 0.1, 'max_iter': 1000, 'tol': 0.001}",0.9124528301886793,0.8377602297200287,0.916256157635468,0.9550810014727541,0.9063813526939244,0.9055863143421709,0.037978226633372275,75,0.9202087994034303,0.9331357658825709,0.9157098851862223,0.9099588169225009,0.9175199089874858,0.9193066352764421,0.007688555956157367
32,0,30088,0.4914817810058594,0.022331870853236114,0.005983781814575195,0.001092405751771152,0.1,1000,0.01,"{'C': 0.1, 'max_iter': 1000, 'tol': 0.01}",0.8922847558702944,0.7963031423290203,0.8769592476489029,0.9540947484392215,0.9001926782273603,0.8839669145029598,0.05095962977209689,102,0.8911986268713645,0.9203671085565959,0.8954828954828955,0.883725323509965,0.9100458365164248,0.9001639581874492,0.013253958109621034
33,0,30088,0.4753401279449463,0.02016613406362748,0.006768226623535156,0.0014450202537112254,0.1,1000,0.1,"{'C': 0.1, 'max_iter': 1000, 'tol': 0.1}",0.6199915647406158,0.7338075627105953,0.6669576604103011,0.8929778445362373,0.8498168498168498,0.75271029644292,0.10433576321668533,117,0.5924761370016844,0.8908728274290056,0.7997639653815893,0.7919211822660098,0.8607076713129934,0.7871483566782566,0.10416232059905875
34,0,30088,0.40172276496887205,0.008306438148792714,0.005584907531738281,0.0013529508200417263,0.1,1000,1.0,"{'C': 0.1, 'max_iter': 1000, 'tol': 1}",0.0,0.0,0.0,0.0,0.0,0.0,0.0,138,0.0,0.0,0.0,0.0,0.0,0.0,0.0
35,0,30088,1.0298401832580566,0.16340370978776914,0.006581592559814453,0.001195844482432803,0.1,2000,0.0001,"{'C': 0.1, 'max_iter': 2000, 'tol': 0.0001}",0.9130601302183071,0.8546637744034707,0.9246001523229246,0.9664233576642336,0.928706148623161,0.9174907126464195,0.036159613147093414,49,0.9397183098591549,0.9352384486917795,0.9326347305389222,0.9260268822257731,0.9309983820310269,0.9329233506693313,0.004536104762371325
36,0,30088,0.7025166988372803,0.04975321011696383,0.005984354019165039,0.0015448950194667198,0.1,2000,0.001,"{'C': 0.1, 'max_iter': 2000, 'tol': 0.001}",0.9124528301886793,0.8377602297200287,0.916256157635468,0.9550810014727541,0.9063813526939244,0.9055863143421709,0.037978226633372275,75,0.9202087994034303,0.9331357658825709,0.9157098851862223,0.9099588169225009,0.9175199089874858,0.9193066352764421,0.007688555956157367
37,0,30088,0.49906120300292967,0.014392126111569755,0.007380247116088867,0.001196940787967804,0.1,2000,0.01,"{'C': 0.1, 'max_iter': 2000, 'tol': 0.01}",0.8922847558702944,0.7963031423290203,0.8769592476489029,0.9540947484392215,0.9001926782273603,0.8839669145029598,0.05095962977209689,102,0.8911986268713645,0.9203671085565959,0.8954828954828955,0.883725323509965,0.9100458365164248,0.9001639581874492,0.013253958109621034
38,0,30088,0.46934237480163576,0.021672230568176222,0.00618290901184082,0.0007460349811724575,0.1,2000,0.1,"{'C': 0.1, 'max_iter': 2000, 'tol': 0.1}",0.6199915647406158,0.7338075627105953,0.6669576604103011,0.8929778445362373,0.8498168498168498,0.75271029644292,0.10433576321668533,117,0.5924761370016844,0.8908728274290056,0.7997639653815893,0.7919211822660098,0.8607076713129934,0.7871483566782566,0.10416232059905875
39,0,30088,0.4095023155212402,0.024766438957144834,0.006184148788452149,0.0014651295714007803,0.1,2000,1.0,"{'C': 0.1, 'max_iter': 2000, 'tol': 1}",0.0,0.0,0.0,0.0,0.0,0.0,0.0,138,0.0,0.0,0.0,0.0,0.0,0.0,0.0
40,0,30088,0.9638169765472412,0.1488011647587648,0.0062023639678955075,0.0009740677881489906,0.1,5000,0.0001,"{'C': 0.1, 'max_iter': 5000, 'tol': 0.0001}",0.9130601302183071,0.8546637744034707,0.9246001523229246,0.9664233576642336,0.928706148623161,0.9174907126464195,0.036159613147093414,49,0.9397183098591549,0.9352384486917795,0.9326347305389222,0.9260268822257731,0.9309983820310269,0.9329233506693313,0.004536104762371325
41,0,30088,0.7388192653656006,0.021365300680820643,0.006382513046264649,0.001017617210720912,0.1,5000,0.001,"{'C': 0.1, 'max_iter': 5000, 'tol': 0.001}",0.9124528301886793,0.8377602297200287,0.916256157635468,0.9550810014727541,0.9063813526939244,0.9055863143421709,0.037978226633372275,75,0.9202087994034303,0.9331357658825709,0.9157098851862223,0.9099588169225009,0.9175199089874858,0.9193066352764421,0.007688555956157367
42,0,30088,0.5162004947662353,0.037722920005183784,0.005584812164306641,0.0004888895276736444,0.1,5000,0.01,"{'C': 0.1, 'max_iter': 5000, 'tol': 0.01}",0.8922847558702944,0.7963031423290203,0.8769592476489029,0.9540947484392215,0.9001926782273603,0.8839669145029598,0.05095962977209689,102,0.8911986268713645,0.9203671085565959,0.8954828954828955,0.883725323509965,0.9100458365164248,0.9001639581874492,0.013253958109621034
43,0,30088,0.4837038516998291,0.014873490624923836,0.007180643081665039,0.0014656293691397476,0.1,5000,0.1,"{'C': 0.1, 'max_iter': 5000, 'tol': 0.1}",0.6199915647406158,0.7338075627105953,0.6669576604103011,0.8929778445362373,0.8498168498168498,0.75271029644292,0.10433576321668533,117,0.5924761370016844,0.8908728274290056,0.7997639653815893,0.7919211822660098,0.8607076713129934,0.7871483566782566,0.10416232059905875
44,0,30088,0.41827783584594724,0.006263183720391863,0.00738072395324707,0.0011972190219662956,0.1,5000,1.0,"{'C': 0.1, 'max_iter': 5000, 'tol': 1}",0.0,0.0,0.0,0.0,0.0,0.0,0.0,138,0.0,0.0,0.0,0.0,0.0,0.0,0.0
45,0,30088,1.221126127243042,0.16506587106728118,0.006782341003417969,0.0007461745159830504,1.0,1000,0.0001,"{'C': 1, 'max_iter': 1000, 'tol': 0.0001}",0.9107621600919188,0.8861222995239839,0.9237804878048781,0.9667032564946945,0.9313207547169812,0.9237377917264912,0.026407675336428113,34,0.9392006004878964,0.9394052044609665,0.9318989710009354,0.9261000376081233,0.9318873668188736,0.933698436075359,0.0050417204266462335
46,0,30088,0.715482521057129,0.05987056085203297,0.007180929183959961,0.001163112941218474,1.0,1000,0.001,"{'C': 1, 'max_iter': 1000, 'tol': 0.001}",0.912797281993205,0.8370423546302943,0.916256157635468,0.9546627349797272,0.9063813526939244,0.9054279763865238,0.03813953281671202,84,0.9201081383425003,0.9341117597998332,0.9157098851862223,0.9100439951324534,0.9175199089874858,0.9194987374896989,0.008019664674991102
47,0,30088,0.5098324298858643,0.017034726700093896,0.006581878662109375,0.0011966945391482275,1.0,1000,0.01,"{'C': 1, 'max_iter': 1000, 'tol': 0.01}",0.8922847558702944,0.7963031423290203,0.8769592476489029,0.9540947484392215,0.9001926782273603,0.8839669145029598,0.05095962977209689,102,0.8911986268713645,0.9203671085565959,0.8954828954828955,0.883725323509965,0.9100458365164248,0.9001639581874492,0.013253958109621034
48,0,30088,0.46335725784301757,0.014733188161648314,0.005784511566162109,0.00039887441109554326,1.0,1000,0.1,"{'C': 1, 'max_iter': 1000, 'tol': 0.1}",0.6199915647406158,0.7338075627105953,0.6669576604103011,0.8929778445362373,0.8498168498168498,0.75271029644292,0.10433576321668533,117,0.5924761370016844,0.8908728274290056,0.7997639653815893,0.7919211822660098,0.8607076713129934,0.7871483566782566,0.10416232059905875
49,0,30088,0.41827855110168455,0.009905358437622462,0.006382942199707031,0.0011965832729373485,1.0,1000,1.0,"{'C': 1, 'max_iter': 1000, 'tol': 1}",0.0,0.0,0.0,0.0,0.0,0.0,0.0,138,0.0,0.0,0.0,0.0,0.0,0.0,0.0
50,0,30088,1.1321663856506348,0.22242605220112893,0.0071794986724853516,0.0011639311387334373,1.0,2000,0.0001,"{'C': 1, 'max_iter': 2000, 'tol': 0.0001}",0.9107621600919188,0.8861222995239839,0.9237804878048781,0.9667032564946945,0.9313207547169812,0.9237377917264912,0.026407675336428113,34,0.9392006004878964,0.9394052044609665,0.9318989710009354,0.9261000376081233,0.9318873668188736,0.933698436075359,0.0050417204266462335
51,0,30088,0.7144859790802002,0.013118335242650778,0.0069811344146728516,0.0012619549940169014,1.0,2000,0.001,"{'C': 1, 'max_iter': 2000, 'tol': 0.001}",0.912797281993205,0.8370423546302943,0.916256157635468,0.9546627349797272,0.9063813526939244,0.9054279763865238,0.03813953281671202,84,0.9201081383425003,0.9341117597998332,0.9157098851862223,0.9100439951324534,0.9175199089874858,0.9194987374896989,0.008019664674991102
52,0,30088,0.5271862506866455,0.01799166741100153,0.007180595397949218,0.0011633745967985576,1.0,2000,0.01,"{'C': 1, 'max_iter': 2000, 'tol': 0.01}",0.8922847558702944,0.7963031423290203,0.8769592476489029,0.9540947484392215,0.9001926782273603,0.8839669145029598,0.05095962977209689,102,0.8911986268713645,0.9203671085565959,0.8954828954828955,0.883725323509965,0.9100458365164248,0.9001639581874492,0.013253958109621034
53,0,30088,0.4783175945281982,0.024661141575365322,0.0069811344146728516,0.001261916715100288,1.0,2000,0.1,"{'C': 1, 'max_iter': 2000, 'tol': 0.1}",0.6199915647406158,0.7338075627105953,0.6669576604103011,0.8929778445362373,0.8498168498168498,0.75271029644292,0.10433576321668533,117,0.5924761370016844,0.8908728274290056,0.7997639653815893,0.7919211822660098,0.8607076713129934,0.7871483566782566,0.10416232059905875
54,0,30088,0.40730767250061034,0.008141419418882386,0.0061836719512939455,0.0011631864655348707,1.0,2000,1.0,"{'C': 1, 'max_iter': 2000, 'tol': 1}",0.0,0.0,0.0,0.0,0.0,0.0,0.0,138,0.0,0.0,0.0,0.0,0.0,0.0,0.0
55,0,30088,1.1732439994812012,0.15514934008414044,0.006581830978393555,0.0011968375332823415,1.0,5000,0.0001,"{'C': 1, 'max_iter': 5000, 'tol': 0.0001}",0.9107621600919188,0.8861222995239839,0.9237804878048781,0.9667032564946945,0.9313207547169812,0.9237377917264912,0.026407675336428113,34,0.9392006004878964,0.9394052044609665,0.9318989710009354,0.9261000376081233,0.9318873668188736,0.933698436075359,0.0050417204266462335
56,0,30088,0.7202539920806885,0.03887982760681815,0.007578468322753907,0.0011973715887245232,1.0,5000,0.001,"{'C': 1, 'max_iter': 5000, 'tol': 0.001}",0.912797281993205,0.8370423546302943,0.916256157635468,0.9546627349797272,0.9063813526939244,0.9054279763865238,0.03813953281671202,84,0.9201081383425003,0.9341117597998332,0.9157098851862223,0.9100439951324534,0.9175199089874858,0.9194987374896989,0.008019664674991102
57,0,30088,0.5257888793945312,0.0061297309757437635,0.007180976867675781,0.0014661027870086787,1.0,5000,0.01,"{'C': 1, 'max_iter': 5000, 'tol': 0.01}",0.8922847558702944,0.7963031423290203,0.8769592476489029,0.9540947484392215,0.9001926782273603,0.8839669145029598,0.05095962977209689,102,0.8911986268713645,0.9203671085565959,0.8954828954828955,0.883725323509965,0.9100458365164248,0.9001639581874492,0.013253958109621034
58,0,30088,0.466748046875,0.022363195175700595,0.0061836719512939455,0.0014655190158760444,1.0,5000,0.1,"{'C': 1, 'max_iter': 5000, 'tol': 0.1}",0.6199915647406158,0.7338075627105953,0.6669576604103011,0.8929778445362373,0.8498168498168498,0.75271029644292,0.10433576321668533,117,0.5924761370016844,0.8908728274290056,0.7997639653815893,0.7919211822660098,0.8607076713129934,0.7871483566782566,0.10416232059905875
59,0,30088,0.4065098762512207,0.01909681207219002,0.0069811344146728516,0.0012615020319921711,1.0,5000,1.0,"{'C': 1, 'max_iter': 5000, 'tol': 1}",0.0,0.0,0.0,0.0,0.0,0.0,0.0,138,0.0,0.0,0.0,0.0,0.0,0.0,0.0
60,0,30088,1.0671398639678955,0.2007749413994234,0.005784511566162109,0.00039970901451136075,10.0,1000,0.0001,"{'C': 10, 'max_iter': 1000, 'tol': 0.0001}",0.9119448698315467,0.8975394785163423,0.9246001523229246,0.9660211910851297,0.9320754716981132,0.9264362326908113,0.023009403026229527,19,0.9403041111319692,0.9407717340771734,0.9326473339569691,0.9255778988911859,0.9323437053953754,0.9343289566905346,0.0056667793566239615
61,0,30088,0.74539213180542,0.035520749084842825,0.007380962371826172,0.001196026843649005,10.0,1000,0.001,"{'C': 10, 'max_iter': 1000, 'tol': 0.001}",0.912797281993205,0.8369252873563219,0.916256157635468,0.9553999262808699,0.9063813526939244,0.9055520011919578,0.03837239208211531,78,0.9201081383425003,0.9342970994347141,0.9157098851862223,0.9108262374847946,0.9175199089874858,0.9196922538871434,0.007907705900303371
62,0,30088,0.5325713634490967,0.00827245768186038,0.006981039047241211,0.0016686108461017376,10.0,1000,0.01,"{'C': 10, 'max_iter': 1000, 'tol': 0.01}",0.8922847558702944,0.7963031423290203,0.8769592476489029,0.9540947484392215,0.9001926782273603,0.8839669145029598,0.05095962977209689,102,0.8911986268713645,0.9203671085565959,0.8954828954828955,0.883725323509965,0.9100458365164248,0.9001639581874492,0.013253958109621034
63,0,30088,0.4635572910308838,0.020482225233283195,0.0057981014251708984,0.0011542747852574843,10.0,1000,0.1,"{'C': 10, 'max_iter': 1000, 'tol': 0.1}",0.6199915647406158,0.7338075627105953,0.6669576604103011,0.8929778445362373,0.8498168498168498,0.75271029644292,0.10433576321668533,117,0.5924761370016844,0.8908728274290056,0.7997639653815893,0.7919211822660098,0.8607076713129934,0.7871483566782566,0.10416232059905875
64,0,30088,0.42166948318481445,0.013460866081785651,0.006382894515991211,0.001352451773374624,10.0,1000,1.0,"{'C': 10, 'max_iter': 1000, 'tol': 1}",0.0,0.0,0.0,0.0,0.0,0.0,0.0,138,0.0,0.0,0.0,0.0,0.0,0.0,0.0
65,0,30088,1.1367533683776856,0.11341141516285713,0.006383371353149414,0.0013530845368707309,10.0,2000,0.0001,"{'C': 10, 'max_iter': 2000, 'tol': 0.0001}",0.9119448698315467,0.8975394785163423,0.9246001523229246,0.9660211910851297,0.9320754716981132,0.9264362326908113,0.023009403026229527,19,0.9403041111319692,0.9407717340771734,0.9326473339569691,0.9255778988911859,0.9323437053953754,0.9343289566905346,0.0056667793566239615
66,0,30088,0.7461994647979736,0.02990182761887178,0.007579660415649414,0.0010173922090301632,10.0,2000,0.001,"{'C': 10, 'max_iter': 2000, 'tol': 0.001}",0.912797281993205,0.8369252873563219,0.916256157635468,0.9553999262808699,0.9063813526939244,0.9055520011919578,0.03837239208211531,78,0.9201081383425003,0.9342970994347141,0.9157098851862223,0.9108262374847946,0.9175199089874858,0.9196922538871434,0.007907705900303371
67,0,30088,0.5172305107116699,0.010450572893842507,0.005965995788574219,0.0010938636032307484,10.0,2000,0.01,"{'C': 10, 'max_iter': 2000, 'tol': 0.01}",0.8922847558702944,0.7963031423290203,0.8769592476489029,0.9540947484392215,0.9001926782273603,0.8839669145029598,0.05095962977209689,102,0.8911986268713645,0.9203671085565959,0.8954828954828955,0.883725323509965,0.9100458365164248,0.9001639581874492,0.013253958109621034
68,0,30088,0.4757242202758789,0.011579447775386748,0.006781816482543945,0.0009769413932943574,10.0,2000,0.1,"{'C': 10, 'max_iter': 2000, 'tol': 0.1}",0.6199915647406158,0.7338075627105953,0.6669576604103011,0.8929778445362373,0.8498168498168498,0.75271029644292,0.10433576321668533,117,0.5924761370016844,0.8908728274290056,0.7997639653815893,0.7919211822660098,0.8607076713129934,0.7871483566782566,0.10416232059905875
69,0,30088,0.41947498321533205,0.01184494929733652,0.007978296279907227,0.0006307511304487517,10.0,2000,1.0,"{'C': 10, 'max_iter': 2000, 'tol': 1}",0.0,0.0,0.0,0.0,0.0,0.0,0.0,138,0.0,0.0,0.0,0.0,0.0,0.0,0.0
70,0,30088,1.0809025764465332,0.13569673538147486,0.006184196472167969,0.0009773604175873146,10.0,5000,0.0001,"{'C': 10, 'max_iter': 5000, 'tol': 0.0001}",0.9119448698315467,0.8975394785163423,0.9246001523229246,0.9660211910851297,0.9320754716981132,0.9264362326908113,0.023009403026229527,19,0.9403041111319692,0.9407717340771734,0.9326473339569691,0.9255778988911859,0.9323437053953754,0.9343289566905346,0.0056667793566239615
71,0,30088,0.7482024192810058,0.030965505214866067,0.005967426300048828,0.0010934135290034403,10.0,5000,0.001,"{'C': 10, 'max_iter': 5000, 'tol': 0.001}",0.912797281993205,0.8369252873563219,0.916256157635468,0.9553999262808699,0.9063813526939244,0.9055520011919578,0.03837239208211531,78,0.9201081383425003,0.9342970994347141,0.9157098851862223,0.9108262374847946,0.9175199089874858,0.9196922538871434,0.007907705900303371
72,0,30088,0.5327611923217773,0.032005776343825065,0.0075966835021972655,0.0010042002441586176,10.0,5000,0.01,"{'C': 10, 'max_iter': 5000, 'tol': 0.01}",0.8922847558702944,0.7963031423290203,0.8769592476489029,0.9540947484392215,0.9001926782273603,0.8839669145029598,0.05095962977209689,102,0.8911986268713645,0.9203671085565959,0.8954828954828955,0.883725323509965,0.9100458365164248,0.9001639581874492,0.013253958109621034
73,0,30088,0.4727321147918701,0.017918004500891302,0.007380437850952148,0.001017420220473446,10.0,5000,0.1,"{'C': 10, 'max_iter': 5000, 'tol': 0.1}",0.6199915647406158,0.7338075627105953,0.6669576604103011,0.8929778445362373,0.8498168498168498,0.75271029644292,0.10433576321668533,117,0.5924761370016844,0.8908728274290056,0.7997639653815893,0.7919211822660098,0.8607076713129934,0.7871483566782566,0.10416232059905875
74,0,30088,0.4134844779968262,0.014476359497547471,0.006382942199707031,0.001017354901703428,10.0,5000,1.0,"{'C': 10, 'max_iter': 5000, 'tol': 1}",0.0,0.0,0.0,0.0,0.0,0.0,0.0,138,0.0,0.0,0.0,0.0,0.0,0.0,0.0
75,0,30088,1.0063035488128662,0.15477192674088827,0.008177852630615235,0.0013236569269125017,100.0,1000,0.0001,"{'C': 100, 'max_iter': 1000, 'tol': 0.0001}",0.9134099616858238,0.8984976181751557,0.9237804878048781,0.9668004377964247,0.931672329180823,0.926832166928621,0.022861342213029955,10,0.940005633273871,0.9402027341207105,0.9320115963714579,0.9268934410825033,0.9322678843226788,0.9342762578342443,0.005130635496603121
76,0,30088,0.7366259574890137,0.02190901593386153,0.005983877182006836,0.0006302991202182785,100.0,1000,0.001,"{'C': 100, 'max_iter': 1000, 'tol': 0.001}",0.9124528301886793,0.8370423546302943,0.916256157635468,0.9550478997789241,0.906035141329259,0.9053668767125249,0.0382248037901368,87,0.9202087994034303,0.9341117597998332,0.9157098851862223,0.9097885083286543,0.9178679817905918,0.9195373869017465,0.0080664794843883
77,0,30088,0.5281836509704589,0.05138573218231917,0.006582117080688477,0.0016208748293615673,100.0,1000,0.01,"{'C': 100, 'max_iter': 1000, 'tol': 0.01}",0.8922847558702944,0.7963031423290203,0.8769592476489029,0.9540947484392215,0.9030023094688222,0.8845288407512522,0.05115058431742424,96,0.8911986268713645,0.9203671085565959,0.8954828954828955,0.883725323509965,0.9090735434574976,0.8999694995756637,0.01311394027342693
78,0,30088,0.49547119140625,0.01187406580590498,0.006583261489868164,0.0007974153570683934,100.0,1000,0.1,"{'C': 100, 'max_iter': 1000, 'tol': 0.1}",0.6199915647406158,0.7338075627105953,0.6669576604103011,0.8929778445362373,0.8498168498168498,0.75271029644292,0.10433576321668533,117,0.5924761370016844,0.8908728274290056,0.7997639653815893,0.7919211822660098,0.8607076713129934,0.7871483566782566,0.10416232059905875
79,0,30088,0.4234643459320068,0.01521203355169445,0.007181024551391602,0.0019333347061109602,100.0,1000,1.0,"{'C': 100, 'max_iter': 1000, 'tol': 1}",0.0,0.0,0.0,0.0,0.0,0.0,0.0,138,0.0,0.0,0.0,0.0,0.0,0.0,0.0
80,0,30088,1.0952643394470214,0.17559075105885333,0.006383132934570312,0.0017385543824704449,100.0,2000,0.0001,"{'C': 100, 'max_iter': 2000, 'tol': 0.0001}",0.9134099616858238,0.8984976181751557,0.9237804878048781,0.9668004377964247,0.931672329180823,0.926832166928621,0.022861342213029955,10,0.940005633273871,0.9402027341207105,0.9320115963714579,0.9268934410825033,0.9322678843226788,0.9342762578342443,0.005130635496603121
81,0,30088,0.7180761814117431,0.013094622355539997,0.0065826416015625,0.0016198599904518936,100.0,2000,0.001,"{'C': 100, 'max_iter': 2000, 'tol': 0.001}",0.9124528301886793,0.8370423546302943,0.916256157635468,0.9550478997789241,0.906035141329259,0.9053668767125249,0.0382248037901368,87,0.9202087994034303,0.9341117597998332,0.9157098851862223,0.9097885083286543,0.9178679817905918,0.9195373869017465,0.0080664794843883
82,0,30088,0.5134215354919434,0.019880462920447813,0.005997180938720703,0.0012810857369830685,100.0,2000,0.01,"{'C': 100, 'max_iter': 2000, 'tol': 0.01}",0.8922847558702944,0.7963031423290203,0.8769592476489029,0.9540947484392215,0.9030023094688222,0.8845288407512522,0.05115058431742424,96,0.8911986268713645,0.9203671085565959,0.8954828954828955,0.883725323509965,0.9090735434574976,0.8999694995756637,0.01311394027342693
83,0,30088,0.47133665084838866,0.013727287092795467,0.006581735610961914,0.001197481217105408,100.0,2000,0.1,"{'C': 100, 'max_iter': 2000, 'tol': 0.1}",0.6199915647406158,0.7338075627105953,0.6669576604103011,0.8929778445362373,0.8498168498168498,0.75271029644292,0.10433576321668533,117,0.5924761370016844,0.8908728274290056,0.7997639653815893,0.7919211822660098,0.8607076713129934,0.7871483566782566,0.10416232059905875
84,0,30088,0.4206721782684326,0.013356187019275908,0.007180500030517578,0.0014650645685651933,100.0,2000,1.0,"{'C': 100, 'max_iter': 2000, 'tol': 1}",0.0,0.0,0.0,0.0,0.0,0.0,0.0,138,0.0,0.0,0.0,0.0,0.0,0.0,0.0
85,0,30088,1.0918728351593017,0.1880080400672287,0.006382799148559571,0.0013524446299531918,100.0,5000,0.0001,"{'C': 100, 'max_iter': 5000, 'tol': 0.0001}",0.9134099616858238,0.8984976181751557,0.9237804878048781,0.9668004377964247,0.931672329180823,0.926832166928621,0.022861342213029955,10,0.940005633273871,0.9402027341207105,0.9320115963714579,0.9268934410825033,0.9322678843226788,0.9342762578342443,0.005130635496603121
86,0,30088,0.7246598243713379,0.04123986440307253,0.008176660537719727,0.0007460730863623687,100.0,5000,0.001,"{'C': 100, 'max_iter': 5000, 'tol': 0.001}",0.9124528301886793,0.8370423546302943,0.916256157635468,0.9550478997789241,0.906035141329259,0.9053668767125249,0.0382248037901368,87,0.9202087994034303,0.9341117597998332,0.9157098851862223,0.9097885083286543,0.9178679817905918,0.9195373869017465,0.0080664794843883
87,0,30088,0.5002708435058594,0.03460923905740177,0.007168006896972656,0.0018161278847429504,100.0,5000,0.01,"{'C': 100, 'max_iter': 5000, 'tol': 0.01}",0.8922847558702944,0.7963031423290203,0.8769592476489029,0.9540947484392215,0.9030023094688222,0.8845288407512522,0.05115058431742424,96,0.8911986268713645,0.9203671085565959,0.8954828954828955,0.883725323509965,0.9090735434574976,0.8999694995756637,0.01311394027342693
88,0,30088,0.46137752532958987,0.019335764362595306,0.006579685211181641,0.0005169223014327193,100.0,5000,0.1,"{'C': 100, 'max_iter': 5000, 'tol': 0.1}",0.6199915647406158,0.7338075627105953,0.6669576604103011,0.8929778445362373,0.8498168498168498,0.75271029644292,0.10433576321668533,117,0.5924761370016844,0.8908728274290056,0.7997639653815893,0.7919211822660098,0.8607076713129934,0.7871483566782566,0.10416232059905875
89,0,30088,0.41329221725463866,0.014934379667974151,0.0065819740295410155,0.001492756788013183,100.0,5000,1.0,"{'C': 100, 'max_iter': 5000, 'tol': 1}",0.0,0.0,0.0,0.0,0.0,0.0,0.0,138,0.0,0.0,0.0,0.0,0.0,0.0,0.0
90,0,30088,1.1279765129089356,0.08192882713573943,0.005983877182006836,0.0006312039084648426,1000.0,1000,0.0001,"{'C': 1000, 'max_iter': 1000, 'tol': 0.0001}",0.9119448698315467,0.8976146788990825,0.9257142857142857,0.9656683710737765,0.931672329180823,0.9265229069399028,0.022837436784152756,13,0.9395532194480947,0.9407496977025392,0.9330465681690667,0.9255359157578037,0.9322549952426261,0.9342280792640262,0.0055087450563528
91,0,30088,0.7320294380187988,0.02464724356180281,0.007379770278930664,0.0013519103585024421,1000.0,1000,0.001,"{'C': 1000, 'max_iter': 1000, 'tol': 0.001}",0.9124528301886793,0.8370423546302943,0.916256157635468,0.9546627349797272,0.9063813526939244,0.9053590860256187,0.03812646848002876,90,0.9202087994034303,0.9341117597998332,0.9157098851862223,0.9097885083286543,0.9175199089874858,0.9194677723411251,0.008082073114423235
92,0,30088,0.5212011814117432,0.035337130467273555,0.006788873672485351,0.0014615865579344083,1000.0,1000,0.01,"{'C': 1000, 'max_iter': 1000, 'tol': 0.01}",0.8922847558702944,0.7963031423290203,0.8769592476489029,0.9540947484392215,0.9001926782273603,0.8839669145029598,0.05095962977209689,102,0.8911986268713645,0.9203671085565959,0.8954828954828955,0.883725323509965,0.9100458365164248,0.9001639581874492,0.013253958109621034
93,0,30088,0.467755651473999,0.01505908499452107,0.007171010971069336,0.0011561788440358643,1000.0,1000,0.1,"{'C': 1000, 'max_iter': 1000, 'tol': 0.1}",0.6199915647406158,0.7338075627105953,0.6669576604103011,0.8929778445362373,0.8498168498168498,0.75271029644292,0.10433576321668533,117,0.5924761370016844,0.8908728274290056,0.7997639653815893,0.7919211822660098,0.8607076713129934,0.7871483566782566,0.10416232059905875
94,0,30088,0.4035177707672119,0.009620172356893667,0.004587411880493164,0.0004887141463833991,1000.0,1000,1.0,"{'C': 1000, 'max_iter': 1000, 'tol': 1}",0.0,0.0,0.0,0.0,0.0,0.0,0.0,138,0.0,0.0,0.0,0.0,0.0,0.0,0.0
95,0,30088,1.09785795211792,0.07239754930990461,0.007578897476196289,0.001197513058989752,1000.0,2000,0.0001,"{'C': 1000, 'max_iter': 2000, 'tol': 0.0001}",0.9119448698315467,0.8976146788990825,0.9257142857142857,0.9656683710737765,0.931672329180823,0.9265229069399028,0.022837436784152756,13,0.9395532194480947,0.9407496977025392,0.9330465681690667,0.9255359157578037,0.9322549952426261,0.9342280792640262,0.0055087450563528
96,0,30088,0.7348319530487061,0.02218800768052076,0.006781578063964844,0.0011634011806813994,1000.0,2000,0.001,"{'C': 1000, 'max_iter': 2000, 'tol': 0.001}",0.9124528301886793,0.8370423546302943,0.916256157635468,0.9546627349797272,0.9063813526939244,0.9053590860256187,0.03812646848002876,90,0.9202087994034303,0.9341117597998332,0.9157098851862223,0.9097885083286543,0.9175199089874858,0.9194677723411251,0.008082073114423235
97,0,30088,0.5038483142852783,0.03186735240758152,0.006981897354125977,0.0008919636705533122,1000.0,2000,0.01,"{'C': 1000, 'max_iter': 2000, 'tol': 0.01}",0.8922847558702944,0.7963031423290203,0.8769592476489029,0.9540947484392215,0.9001926782273603,0.8839669145029598,0.05095962977209689,102,0.8911986268713645,0.9203671085565959,0.8954828954828955,0.883725323509965,0.9100458365164248,0.9001639581874492,0.013253958109621034
98,0,30088,0.4661508083343506,0.03540573682037372,0.0065883159637451175,0.0013450895323992565,1000.0,2000,0.1,"{'C': 1000, 'max_iter': 2000, 'tol': 0.1}",0.6199915647406158,0.7338075627105953,0.6669576604103011,0.8929778445362373,0.8498168498168498,0.75271029644292,0.10433576321668533,117,0.5924761370016844,0.8908728274290056,0.7997639653815893,0.7919211822660098,0.8607076713129934,0.7871483566782566,0.10416232059905875
99,0,30088,0.41787919998168943,0.007490305709391846,0.006382989883422852,0.0011970839198338717,1000.0,2000,1.0,"{'C': 1000, 'max_iter': 2000, 'tol': 1}",0.0,0.0,0.0,0.0,0.0,0.0,0.0,138,0.0,0.0,0.0,0.0,0.0,0.0,0.0
100,0,30088,1.1459286212921143,0.07792693118100108,0.007380485534667969,0.0016207634122441792,1000.0,5000,0.0001,"{'C': 1000, 'max_iter': 5000, 'tol': 0.0001}",0.9119448698315467,0.8976146788990825,0.9257142857142857,0.9656683710737765,0.931672329180823,0.9265229069399028,0.022837436784152756,13,0.9395532194480947,0.9407496977025392,0.9330465681690667,0.9255359157578037,0.9322549952426261,0.9342280792640262,0.0055087450563528
101,0,30088,0.7334342479705811,0.04420607372841583,0.006184673309326172,0.000976678682564928,1000.0,5000,0.001,"{'C': 1000, 'max_iter': 5000, 'tol': 0.001}",0.9124528301886793,0.8370423546302943,0.916256157635468,0.9546627349797272,0.9063813526939244,0.9053590860256187,0.03812646848002876,90,0.9202087994034303,0.9341117597998332,0.9157098851862223,0.9097885083286543,0.9175199089874858,0.9194677723411251,0.008082073114423235
102,0,30088,0.506042194366455,0.029394649222961887,0.007380151748657226,0.0011965358964376846,1000.0,5000,0.01,"{'C': 1000, 'max_iter': 5000, 'tol': 0.01}",0.8922847558702944,0.7963031423290203,0.8769592476489029,0.9540947484392215,0.9001926782273603,0.8839669145029598,0.05095962977209689,102,0.8911986268713645,0.9203671085565959,0.8954828954828955,0.883725323509965,0.9100458365164248,0.9001639581874492,0.013253958109621034
103,0,30088,0.47272672653198244,0.031337959266640354,0.006582784652709961,0.0016203054853631419,1000.0,5000,0.1,"{'C': 1000, 'max_iter': 5000, 'tol': 0.1}",0.6199915647406158,0.7338075627105953,0.6669576604103011,0.8929778445362373,0.8498168498168498,0.75271029644292,0.10433576321668533,117,0.5924761370016844,0.8908728274290056,0.7997639653815893,0.7919211822660098,0.8607076713129934,0.7871483566782566,0.10416232059905875
104,0,30088,0.36442317962646487,0.021928489086228426,0.004189205169677734,0.0003993756557158197,1000.0,5000,1.0,"{'C': 1000, 'max_iter': 5000, 'tol': 1}",0.0,0.0,0.0,0.0,0.0,0.0,0.0,138,0.0,0.0,0.0,0.0,0.0,0.0,0.0
105,1,90264,1.9935619831085205,0.09819819794551196,0.013164758682250977,0.0007462260361208442,100.0,1000,0.001,"{'C': 100, 'max_iter': 1000, 'tol': 0.001}",0.9098522167487685,0.8484848484848485,0.9223374652162915,0.9569071657227284,0.915224032586558,0.9105611457518389,0.03510654367383802,61,0.918885217282873,0.9345136053361593,0.9136019046425663,0.9084733201581028,0.9157129938569959,0.9182374082553395,0.0088151259335195
106,1,90264,2.006929302215576,0.05422919592283034,0.011768245697021484,0.0013237652965186546,100.0,5000,0.001,"{'C': 100, 'max_iter': 5000, 'tol': 0.001}",0.9098522167487685,0.8484848484848485,0.9223374652162915,0.9569071657227284,0.915224032586558,0.9105611457518389,0.03510654367383802,61,0.918885217282873,0.9345136053361593,0.9136019046425663,0.9084733201581028,0.9157129938569959,0.9182374082553395,0.0088151259335195
107,1,90264,1.8568230628967286,0.0935000321708904,0.013762760162353515,0.0014670243972842527,1.0,5000,0.001,"{'C': 1, 'max_iter': 5000, 'tol': 0.001}",0.9091804085650996,0.8491862567811935,0.9214619957000126,0.95590046809559,0.915224032586558,0.9101906323456908,0.03453786972073924,63,0.9189239736915932,0.9340748609635693,0.9141085077058013,0.9083498023715415,0.9157129938569959,0.9182340277179002,0.008631123462902894
108,1,90264,1.866596269607544,0.08024011495251178,0.014760303497314452,0.002129678526141319,1.0,1000,0.001,"{'C': 1, 'max_iter': 1000, 'tol': 0.001}",0.9091804085650996,0.8491862567811935,0.9214619957000126,0.95590046809559,0.915224032586558,0.9101906323456908,0.03453786972073924,63,0.9189239736915932,0.9340748609635693,0.9141085077058013,0.9083498023715415,0.9157129938569959,0.9182340277179002,0.008631123462902894
109,1,90264,1.7977800369262695,0.08259743801581845,0.01296539306640625,0.0010922317846520455,1.0,2000,0.001,"{'C': 1, 'max_iter': 2000, 'tol': 0.001}",0.9091804085650996,0.8491862567811935,0.9214619957000126,0.95590046809559,0.915224032586558,0.9101906323456908,0.03453786972073924,63,0.9189239736915932,0.9340748609635693,0.9141085077058013,0.9083498023715415,0.9157129938569959,0.9182340277179002,0.008631123462902894
110,1,90264,1.865798044204712,0.1449143707364296,0.01156930923461914,0.0020538498296711247,0.01,5000,0.001,"{'C': 0.01, 'max_iter': 5000, 'tol': 0.001}",0.9079921065614208,0.8491862567811935,0.9176082264821632,0.9570461538461539,0.915224032586558,0.9094113552514977,0.03463849507565019,72,0.9220835932626326,0.9341373492470162,0.9117139720871883,0.9083778525769693,0.9157129938569959,0.9184051522061605,0.009095045883923075
111,1,90264,1.8013701915740967,0.19515513928669917,0.012965059280395508,0.0010924494208174513,0.01,1000,0.001,"{'C': 0.01, 'max_iter': 1000, 'tol': 0.001}",0.9079921065614208,0.8491862567811935,0.9176082264821632,0.9570461538461539,0.915224032586558,0.9094113552514977,0.03463849507565019,72,0.9220835932626326,0.9341373492470162,0.9117139720871883,0.9083778525769693,0.9157129938569959,0.9184051522061605,0.009095045883923075
112,1,90264,1.8358777999877929,0.19560396352001896,0.011968231201171875,0.0008923898378256911,0.01,2000,0.001,"{'C': 0.01, 'max_iter': 2000, 'tol': 0.001}",0.9079921065614208,0.8491862567811935,0.9176082264821632,0.9570461538461539,0.915224032586558,0.9094113552514977,0.03463849507565019,72,0.9220835932626326,0.9341373492470162,0.9117139720871883,0.9083778525769693,0.9157129938569959,0.9184051522061605,0.009095045883923075
113,1,90264,1.7593915462493896,0.13222745913985723,0.012965822219848632,0.002092055404417783,10.0,2000,0.001,"{'C': 10, 'max_iter': 2000, 'tol': 0.001}",0.9081519734415345,0.8473025048169557,0.9217149361325407,0.9571534104900271,0.9148313176320815,0.909830828502628,0.03554792114569743,66,0.9189542890973109,0.9340123726801225,0.9137039937353172,0.9087147180532394,0.9159676966730068,0.9182706140477993,0.008552695179696129
114,1,90264,1.8176348209381104,0.0966689992800418,0.011768674850463868,0.0015958369990972199,10.0,1000,0.001,"{'C': 10, 'max_iter': 1000, 'tol': 0.001}",0.9081519734415345,0.8473025048169557,0.9217149361325407,0.9571534104900271,0.9148313176320815,0.909830828502628,0.03554792114569743,66,0.9189542890973109,0.9340123726801225,0.9137039937353172,0.9087147180532394,0.9159676966730068,0.9182706140477993,0.008552695179696129
115,1,90264,1.7223825931549073,0.14237716778848533,0.012366390228271485,0.001619742373299378,10.0,5000,0.001,"{'C': 10, 'max_iter': 5000, 'tol': 0.001}",0.9081519734415345,0.8473025048169557,0.9217149361325407,0.9571534104900271,0.9148313176320815,0.909830828502628,0.03554792114569743,66,0.9189542890973109,0.9340123726801225,0.9137039937353172,0.9087147180532394,0.9159676966730068,0.9182706140477993,0.008552695179696129
116,1,90264,1.778019905090332,0.06993296548237955,0.011768436431884766,0.001716964676541973,0.1,2000,0.001,"{'C': 0.1, 'max_iter': 2000, 'tol': 0.001}",0.9076828518746158,0.8476454293628809,0.9217149361325407,0.956532446743012,0.915224032586558,0.9097599393399216,0.03527881050749312,69,0.9183953155173488,0.9339248336405386,0.9141997932525139,0.9085576685601383,0.9157129938569959,0.9181581209655072,0.008514237265667425
117,1,90264,1.6198572158813476,0.1612729892671803,0.010172653198242187,0.0007457667665120853,0.1,5000,0.001,"{'C': 0.1, 'max_iter': 5000, 'tol': 0.001}",0.9076828518746158,0.8476454293628809,0.9217149361325407,0.956532446743012,0.915224032586558,0.9097599393399216,0.03527881050749312,69,0.9183953155173488,0.9339248336405386,0.9141997932525139,0.9085576685601383,0.9157129938569959,0.9181581209655072,0.008514237265667425
118,1,90264,1.8370748519897462,0.061056729135393804,0.012566423416137696,0.0018495502601654226,0.1,1000,0.001,"{'C': 0.1, 'max_iter': 1000, 'tol': 0.001}",0.9076828518746158,0.8476454293628809,0.9217149361325407,0.956532446743012,0.915224032586558,0.9097599393399216,0.03527881050749312,69,0.9183953155173488,0.9339248336405386,0.9141997932525139,0.9085576685601383,0.9157129938569959,0.9181581209655072,0.008514237265667425
119,1,90264,3.365881633758545,0.5132618312173097,0.010771703720092774,0.0015954018921823273,0.001,5000,0.0001,"{'C': 0.001, 'max_iter': 5000, 'tol': 0.0001}",0.914824931710951,0.8744939271255061,0.9287713050114474,0.9618358080746103,0.9300619704059694,0.9219975884656968,0.02830563929387118,42,0.9328655117320886,0.9372107567229518,0.9285691799150008,0.9239406911098703,0.9297839022862512,0.9304740083532325,0.004424746749209293
120,1,90264,3.5904844284057615,0.40973730008377635,0.013164663314819336,0.002220996647751884,0.001,2000,0.0001,"{'C': 0.001, 'max_iter': 2000, 'tol': 0.0001}",0.914824931710951,0.8744939271255061,0.9287713050114474,0.9618358080746103,0.9300619704059694,0.9219975884656968,0.02830563929387118,42,0.9328655117320886,0.9372107567229518,0.9285691799150008,0.9239406911098703,0.9297839022862512,0.9304740083532325,0.004424746749209293
121,1,90264,3.448811721801758,0.4686021549521304,0.011368656158447265,0.0013527471205697608,0.001,1000,0.0001,"{'C': 0.001, 'max_iter': 1000, 'tol': 0.0001}",0.914824931710951,0.8744939271255061,0.9287713050114474,0.9618358080746103,0.9300619704059694,0.9219975884656968,0.02830563929387118,42,0.9328655117320886,0.9372107567229518,0.9285691799150008,0.9239406911098703,0.9297839022862512,0.9304740083532325,0.004424746749209293
122,1,90264,4.081387138366699,0.38797374831319564,0.012030267715454101,0.0015605414540567771,0.1,1000,0.0001,"{'C': 0.1, 'max_iter': 1000, 'tol': 0.0001}",0.9095016944897703,0.8935591544072197,0.9294700724361418,0.9627176845719893,0.9363314805457301,0.9263160172901703,0.02362656329706895,22,0.9423462986198243,0.9397499765015509,0.9307914936454008,0.9270697674418604,0.9329325568288559,0.9345780186074985,0.005665941653911024
123,1,90264,4.166916704177856,0.4228155392210325,0.011768436431884766,0.0007461878808459364,0.1,2000,0.0001,"{'C': 0.1, 'max_iter': 2000, 'tol': 0.0001}",0.9095016944897703,0.8935591544072197,0.9294700724361418,0.9627176845719893,0.9363314805457301,0.9263160172901703,0.02362656329706895,22,0.9423462986198243,0.9397499765015509,0.9307914936454008,0.9270697674418604,0.9329325568288559,0.9345780186074985,0.005665941653911024
124,1,90264,4.108432912826538,0.4234197540058791,0.01136951446533203,0.0007972480203443675,0.1,5000,0.0001,"{'C': 0.1, 'max_iter': 5000, 'tol': 0.0001}",0.9095016944897703,0.8935591544072197,0.9294700724361418,0.9627176845719893,0.9363314805457301,0.9263160172901703,0.02362656329706895,22,0.9423462986198243,0.9397499765015509,0.9307914936454008,0.9270697674418604,0.9329325568288559,0.9345780186074985,0.005665941653911024
125,1,90264,3.974329137802124,0.7177356602116908,0.01198129653930664,0.001685698184985203,1.0,2000,0.0001,"{'C': 1, 'max_iter': 2000, 'tol': 0.0001}",0.9102998369087943,0.8951014349332014,0.9289895647747518,0.9620098039215687,0.9359605911330049,0.9264722463342643,0.022825241348155195,16,0.9423607626693427,0.9402442843720639,0.9298869754116424,0.9267187887813353,0.9329117490530007,0.934424512057477,0.005985143030812975
126,1,90264,3.9988652229309083,0.6936159668749289,0.012565946578979493,0.0014926676199367693,1.0,1000,0.0001,"{'C': 1, 'max_iter': 1000, 'tol': 0.0001}",0.9102998369087943,0.8951014349332014,0.9289895647747518,0.9620098039215687,0.9359605911330049,0.9264722463342643,0.022825241348155195,16,0.9423607626693427,0.9402442843720639,0.9298869754116424,0.9267187887813353,0.9329117490530007,0.934424512057477,0.005985143030812975
127,1,90264,4.025807189941406,0.7291911350299473,0.012964963912963867,0.0012621429663761331,1.0,5000,0.0001,"{'C': 1, 'max_iter': 5000, 'tol': 0.0001}",0.9102998369087943,0.8951014349332014,0.9289895647747518,0.9620098039215687,0.9359605911330049,0.9264722463342643,0.022825241348155195,16,0.9423607626693427,0.9402442843720639,0.9298869754116424,0.9267187887813353,0.9329117490530007,0.934424512057477,0.005985143030812975
128,1,90264,4.325436592102051,0.7431787949603127,0.011339902877807617,0.0023431088645478036,0.01,1000,0.0001,"{'C': 0.01, 'max_iter': 1000, 'tol': 0.0001}",0.9152753550959382,0.8875739644970414,0.9283441517118493,0.962118425891872,0.9340576048509348,0.925473900409527,0.024352227992469194,25,0.9371317537921524,0.9388828039430449,0.9323559023408005,0.9263948364674487,0.9317940053813905,0.9333118603849673,0.004397498316978819
129,1,90264,4.332789468765259,0.7553568312065518,0.012765979766845703,0.0014658952440247907,0.01,2000,0.0001,"{'C': 0.01, 'max_iter': 2000, 'tol': 0.0001}",0.9152753550959382,0.8875739644970414,0.9283441517118493,0.962118425891872,0.9340576048509348,0.925473900409527,0.024352227992469194,25,0.9371317537921524,0.9388828039430449,0.9323559023408005,0.9263948364674487,0.9317940053813905,0.9333118603849673,0.004397498316978819
130,1,90264,4.365498113632202,0.7418468933203051,0.011968708038330078,0.0016685254328564552,0.01,5000,0.0001,"{'C': 0.01, 'max_iter': 5000, 'tol': 0.0001}",0.9152753550959382,0.8875739644970414,0.9283441517118493,0.962118425891872,0.9340576048509348,0.925473900409527,0.024352227992469194,25,0.9371317537921524,0.9388828039430449,0.9323559023408005,0.9263948364674487,0.9317940053813905,0.9333118603849673,0.004397498316978819
131,1,90264,4.3623052597045895,1.0135349886501344,0.010770559310913086,0.0013232403487724114,10.0,5000,0.0001,"{'C': 10, 'max_iter': 5000, 'tol': 0.0001}",0.9108240311049793,0.8753985773853323,0.9279348102877515,0.9622178606476938,0.9369710749021094,0.9226692708655733,0.028883166810269572,37,0.9423903158026782,0.9372421552694087,0.9319447503382311,0.927202827556272,0.9329073482428115,0.9343374794418804,0.005137295016944803
132,1,90264,4.429523992538452,0.9821577960971802,0.013763332366943359,0.0015960812895871516,10.0,2000,0.0001,"{'C': 10, 'max_iter': 2000, 'tol': 0.0001}",0.9108240311049793,0.8753985773853323,0.9279348102877515,0.9622178606476938,0.9369710749021094,0.9226692708655733,0.028883166810269572,37,0.9423903158026782,0.9372421552694087,0.9319447503382311,0.927202827556272,0.9329073482428115,0.9343374794418804,0.005137295016944803
133,1,90264,4.383062410354614,1.0099297266691594,0.012353610992431641,0.0018389991026910625,10.0,1000,0.0001,"{'C': 10, 'max_iter': 1000, 'tol': 0.0001}",0.9108240311049793,0.8753985773853323,0.9279348102877515,0.9622178606476938,0.9369710749021094,0.9226692708655733,0.028883166810269572,37,0.9423903158026782,0.9372421552694087,0.9319447503382311,0.927202827556272,0.9329073482428115,0.9343374794418804,0.005137295016944803
134,1,90264,4.306054878234863,0.47064485986639715,0.012167596817016601,0.0017156619678400156,1000.0,5000,0.0001,"{'C': 1000, 'max_iter': 5000, 'tol': 0.0001}",0.9131848886664998,0.9030978934324659,0.9281627463445645,0.9621277117293786,0.9326254582227278,0.9278397396791274,0.02012757350749977,7,0.940792570048006,0.9410105315947843,0.9279557037689549,0.9264509724850327,0.9304698995084996,0.9333359354810554,0.0063097479427055275
135,1,90264,4.28910551071167,0.40344751721172467,0.012168025970458985,0.0020344430312947367,1000.0,2000,0.0001,"{'C': 1000, 'max_iter': 2000, 'tol': 0.0001}",0.9131848886664998,0.9030978934324659,0.9281627463445645,0.9621277117293786,0.9326254582227278,0.9278397396791274,0.02012757350749977,7,0.940792570048006,0.9410105315947843,0.9279557037689549,0.9264509724850327,0.9304698995084996,0.9333359354810554,0.0063097479427055275
136,1,90264,4.30598292350769,0.36520073574820566,0.012554168701171875,0.001339042387900798,1000.0,1000,0.0001,"{'C': 1000, 'max_iter': 1000, 'tol': 0.0001}",0.9131848886664998,0.9030978934324659,0.9281627463445645,0.9621277117293786,0.9326254582227278,0.9278397396791274,0.02012757350749977,7,0.940792570048006,0.9410105315947843,0.9279557037689549,0.9264509724850327,0.9304698995084996,0.9333359354810554,0.0063097479427055275
137,1,90264,4.2523096084594725,0.4678744257966967,0.011579751968383789,0.0013478155661200912,100.0,1000,0.0001,"{'C': 100, 'max_iter': 1000, 'tol': 0.0001}",0.9112559538731512,0.887983203655675,0.9283806131535428,0.9618451723714881,0.9373737373737374,0.9253677360855189,0.02482164585745283,28,0.9422503842655039,0.9389927066704229,0.9284634760705289,0.9226474784442652,0.9327694235588972,0.9330246938019237,0.007060977422393514
138,1,90264,4.0682919979095455,0.41566555383233733,0.010971164703369141,0.001092754062765885,100.0,5000,0.0001,"{'C': 100, 'max_iter': 5000, 'tol': 0.0001}",0.9112559538731512,0.887983203655675,0.9283806131535428,0.9618451723714881,0.9373737373737374,0.9253677360855189,0.02482164585745283,28,0.9422503842655039,0.9389927066704229,0.9284634760705289,0.9226474784442652,0.9327694235588972,0.9330246938019237,0.007060977422393514
139,1,90264,3.4605220794677733,0.519442929632149,0.009973764419555664,0.002091259821752022,100.0,2000,0.0001,"{'C': 100, 'max_iter': 2000, 'tol': 0.0001}",0.9112559538731512,0.887983203655675,0.9283806131535428,0.9618451723714881,0.9373737373737374,0.9253677360855189,0.02482164585745283,28,0.9422503842655039,0.9389927066704229,0.9284634760705289,0.9226474784442652,0.9327694235588972,0.9330246938019237,0.007060977422393514
140,2,270792,12.117305088043214,1.5409009543522147,0.03051018714904785,0.002664826244061442,0.01,1000,0.0001,"{'C': 0.01, 'max_iter': 1000, 'tol': 0.0001}",0.9130163484337951,0.9005360824742268,0.9296238516207315,0.9631561516807419,0.936016511867905,0.9284697892154801,0.021356635634850095,1,0.9406241485549012,0.9420678107994978,0.9343246073298429,0.927407006177019,0.9332846410684474,0.9355416427859418,0.005313572783844552
141,2,270792,12.074429035186768,1.3898736079748735,0.02872304916381836,0.002308326472389178,0.01,2000,0.0001,"{'C': 0.01, 'max_iter': 2000, 'tol': 0.0001}",0.9130163484337951,0.9005360824742268,0.9296238516207315,0.9631561516807419,0.936016511867905,0.9284697892154801,0.021356635634850095,1,0.9406241485549012,0.9420678107994978,0.9343246073298429,0.927407006177019,0.9332846410684474,0.9355416427859418,0.005313572783844552
142,2,270792,11.919528436660766,1.5889027052079396,0.033110427856445315,0.004981096809865753,0.01,5000,0.0001,"{'C': 0.01, 'max_iter': 5000, 'tol': 0.0001}",0.9130163484337951,0.9005360824742268,0.9296238516207315,0.9631561516807419,0.936016511867905,0.9284697892154801,0.021356635634850095,1,0.9406241485549012,0.9420678107994978,0.9343246073298429,0.927407006177019,0.9332846410684474,0.9355416427859418,0.005313572783844552
143,2,270792,12.796220588684083,4.057718868109136,0.0315342903137207,0.00595587828550712,0.1,5000,0.0001,"{'C': 0.1, 'max_iter': 5000, 'tol': 0.0001}",0.9122003994673769,0.8467536665185245,0.9297044292277021,0.9634075668515606,0.9339188083860691,0.9171969740902467,0.038881101834157335,52,0.9409410458160026,0.9348731619944183,0.9342967850036653,0.9279420036247734,0.9320696091004828,0.9340245211078685,0.004229688709829269
144,2,270792,12.83148651123047,3.984104513309238,0.028044605255126955,0.003365726329972234,0.1,2000,0.0001,"{'C': 0.1, 'max_iter': 2000, 'tol': 0.0001}",0.9122003994673769,0.8467536665185245,0.9297044292277021,0.9634075668515606,0.9339188083860691,0.9171969740902467,0.038881101834157335,52,0.9409410458160026,0.9348731619944183,0.9342967850036653,0.9279420036247734,0.9320696091004828,0.9340245211078685,0.004229688709829269
145,2,270792,12.594221591949463,3.9622279596788994,0.027043485641479494,0.004940246768415334,0.1,1000,0.0001,"{'C': 0.1, 'max_iter': 1000, 'tol': 0.0001}",0.9122003994673769,0.8467536665185245,0.9297044292277021,0.9634075668515606,0.9339188083860691,0.9171969740902467,0.038881101834157335,52,0.9409410458160026,0.9348731619944183,0.9342967850036653,0.9279420036247734,0.9320696091004828,0.9340245211078685,0.004229688709829269
146,2,270792,10.981435441970826,3.2095747486112933,0.02957468032836914,0.008582126378131449,1.0,5000,0.0001,"{'C': 1, 'max_iter': 5000, 'tol': 0.0001}",0.9134879082523062,0.8467070707070707,0.9293918772484938,0.9631990727325412,0.931833850396415,0.9169239558673654,0.03862993099695112,55,0.9401879537763622,0.9348634266731924,0.9337845483309934,0.9275314016705897,0.9306412608405604,0.9334017182583396,0.004252455404973355
147,2,270792,11.030035161972046,3.304759491354043,0.02945990562438965,0.006646462261502616,1.0,2000,0.0001,"{'C': 1, 'max_iter': 2000, 'tol': 0.0001}",0.9134879082523062,0.8467070707070707,0.9293918772484938,0.9631990727325412,0.931833850396415,0.9169239558673654,0.03862993099695112,55,0.9401879537763622,0.9348634266731924,0.9337845483309934,0.9275314016705897,0.9306412608405604,0.9334017182583396,0.004252455404973355
148,2,270792,11.056282901763916,3.268426012048147,0.030977916717529298,0.005745429345993466,1.0,1000,0.0001,"{'C': 1, 'max_iter': 1000, 'tol': 0.0001}",0.9134879082523062,0.8467070707070707,0.9293918772484938,0.9631990727325412,0.931833850396415,0.9169239558673654,0.03862993099695112,55,0.9401879537763622,0.9348634266731924,0.9337845483309934,0.9275314016705897,0.9306412608405604,0.9334017182583396,0.004252455404973355
149,2,270792,12.659419631958007,1.6358543698427936,0.033950281143188474,0.006313335069707128,1000.0,5000,0.0001,"{'C': 1000, 'max_iter': 5000, 'tol': 0.0001}",0.9109760159893404,0.9024038263307632,0.9296116504854369,0.9626222443228908,0.9352326031759693,0.9281692680608803,0.02096876080106284,4,0.9409890697211364,0.9419470952620124,0.9342004670792883,0.9228172887606388,0.9330677872433605,0.9346043416132872,0.006872256006277788
150,2,270792,12.350743007659911,1.2449049497284908,0.032688045501708986,0.010009769868877067,1000.0,2000,0.0001,"{'C': 1000, 'max_iter': 2000, 'tol': 0.0001}",0.9109760159893404,0.9024038263307632,0.9296116504854369,0.9626222443228908,0.9352326031759693,0.9281692680608803,0.02096876080106284,4,0.9409890697211364,0.9419470952620124,0.9342004670792883,0.9228172887606388,0.9330677872433605,0.9346043416132872,0.006872256006277788
151,2,270792,10.157814741134644,1.3324287812431397,0.020824193954467773,0.005206150721490591,1000.0,1000,0.0001,"{'C': 1000, 'max_iter': 1000, 'tol': 0.0001}",0.9109760159893404,0.9024038263307632,0.9296116504854369,0.9626222443228908,0.9352326031759693,0.9281692680608803,0.02096876080106284,4,0.9409890697211364,0.9419470952620124,0.9342004670792883,0.9228172887606388,0.9330677872433605,0.9346043416132872,0.006872256006277788
152,3,812376,39.34209141731262,5.401089543985996,0.08761157989501953,0.014708066728342267,1000.0,1000,0.0001,"{'C': 1000, 'max_iter': 1000, 'tol': 0.0001}",0.9118438668893459,0.8716942571019825,0.9283183036100147,0.9642950724717629,0.9354783889423894,0.922325977803099,0.030475382146987195,40,0.940933291575321,0.9391790227917951,0.9345876480901211,0.928581835337214,0.9342745152450658,0.9355112626079034,0.004318574602962785
153,3,812376,41.044854164123535,7.82459903658925,0.08501639366149902,0.0068466539059362196,0.01,1000,0.0001,"{'C': 0.01, 'max_iter': 1000, 'tol': 0.0001}",0.9123978803267829,0.8681991294885746,0.9271492691909311,0.9643832593042183,0.9342275028001872,0.9212714082221389,0.03148475061768785,46,0.9407421325873035,0.9385326613617497,0.9310646484572408,0.9279386505196315,0.9340717647099622,0.9344699715271776,0.004695921656919526
154,3,812376,38.69200778007507,6.242260314652645,0.08003745079040528,0.012521239723787008,0.01,2000,0.0001,"{'C': 0.01, 'max_iter': 2000, 'tol': 0.0001}",0.9123978803267829,0.8681991294885746,0.9271492691909311,0.9643832593042183,0.9342275028001872,0.9212714082221389,0.03148475061768785,46,0.9407421325873035,0.9385326613617497,0.9310646484572408,0.9279386505196315,0.9340717647099622,0.9344699715271776,0.004695921656919526
155,3,812376,35.34521493911743,4.890214185044991,0.06362557411193848,0.012664981617686123,0.01,5000,0.0001,"{'C': 0.01, 'max_iter': 5000, 'tol': 0.0001}",0.9123978803267829,0.8681991294885746,0.9271492691909311,0.9643832593042183,0.9342275028001872,0.9212714082221389,0.03148475061768785,46,0.9407421325873035,0.9385326613617497,0.9310646484572408,0.9279386505196315,0.9340717647099622,0.9344699715271776,0.004695921656919526
156,4,2437128,109.78271026611328,20.09692207434476,0.2248162269592285,0.03811673522298232,0.01,5000,0.0001,"{'C': 0.01, 'max_iter': 5000, 'tol': 0.0001}",0.9167568757683063,0.8631572303225399,0.9282027893132336,0.9636387895853175,0.9347552789255709,0.9213021927829936,0.03293171041512081,45,0.9367626424852441,0.9380979262845711,0.9347525252172861,0.9267373571648048,0.934359834655325,0.9341420571614462,0.003943755780544755
157,4,2437128,116.31072001457214,18.828846402772015,0.2214146614074707,0.02141388921184356,1000.0,1000,0.0001,"{'C': 1000, 'max_iter': 1000, 'tol': 0.0001}",0.911885132518121,0.8735395594082523,0.9283032636561783,0.9637589200323696,0.9337448071216617,0.9222463365473166,0.02956991872617757,41,0.9409503693430742,0.9395447833110324,0.9349412161455002,0.9287053604041843,0.9338272733282841,0.935593800506415,0.0043657802621171185
